{"Version":"1.0.0.0","LastState":11,"Modules":[{"ModuleName":"Front Left","ModuleId":0,"Encoder":{"Id":15,"Name":"CANCoder vers. H Back Right","Model":"CANCoder vers. H","CANbus":"rio","CANbusFriendly":"","SelectedMotorType":null,"IsStandaloneFx":false},"SteerMotor":{"Id":5,"Name":"Talon FX (Device ID 5)","Model":"Talon FX","CANbus":"rio","CANbusFriendly":"","SelectedMotorType":{"Name":"WCP Kraken x60","FreeSpeedRps":96.7,"SlipCurrentLimit":120,"StatorCurrentLimit":60},"IsStandaloneFx":false},"DriveMotor":{"Id":4,"Name":"Talon FX (Device ID 4)","Model":"Talon FX","CANbus":"rio","CANbusFriendly":"","SelectedMotorType":{"Name":"WCP Kraken x60","FreeSpeedRps":96.7,"SlipCurrentLimit":120,"StatorCurrentLimit":60},"IsStandaloneFx":false},"IsEncoderInverted":false,"IsSteerInverted":true,"SelectedEncoderType":"CANcoder","EncoderOffset":-0.174560546875,"DriveMotorSelectionState":1,"SteerMotorSelectionState":1,"SteerEncoderSelectionState":1,"IsModuleValidationComplete":true,"ValidatedSteerId":5,"ValidatedDriveId":4,"ValidatedEncoderId":15},{"ModuleName":"Front Right","ModuleId":1,"Encoder":{"Id":16,"Name":"CANCoder vers. H Back Left","Model":"CANCoder vers. H","CANbus":"rio","CANbusFriendly":"","SelectedMotorType":null,"IsStandaloneFx":false},"SteerMotor":{"Id":6,"Name":"Talon FX (Device ID 6)","Model":"Talon FX","CANbus":"rio","CANbusFriendly":"","SelectedMotorType":{"Name":"WCP Kraken x60","FreeSpeedRps":96.7,"SlipCurrentLimit":120,"StatorCurrentLimit":60},"IsStandaloneFx":false},"DriveMotor":{"Id":1,"Name":"Talon FX (Device ID 1)","Model":"Talon FX","CANbus":"rio","CANbusFriendly":"","SelectedMotorType":{"Name":"WCP Kraken x60","FreeSpeedRps":96.7,"SlipCurrentLimit":120,"StatorCurrentLimit":60},"IsStandaloneFx":false},"IsEncoderInverted":false,"IsSteerInverted":true,"SelectedEncoderType":"CANcoder","EncoderOffset":0.306884765625,"DriveMotorSelectionState":1,"SteerMotorSelectionState":1,"SteerEncoderSelectionState":1,"IsModuleValidationComplete":true,"ValidatedSteerId":6,"ValidatedDriveId":1,"ValidatedEncoderId":16},{"ModuleName":"Back Left","ModuleId":2,"Encoder":{"Id":14,"Name":"CANCoder vers. H Front Left","Model":"CANCoder vers. H","CANbus":"rio","CANbusFriendly":"","SelectedMotorType":null,"IsStandaloneFx":false},"SteerMotor":{"Id":8,"Name":"Talon FX (Device ID 8)","Model":"Talon FX","CANbus":"rio","CANbusFriendly":"","SelectedMotorType":{"Name":"WCP Kraken x60","FreeSpeedRps":96.7,"SlipCurrentLimit":120,"StatorCurrentLimit":60},"IsStandaloneFx":false},"DriveMotor":{"Id":2,"Name":"Talon FX (Device ID 2)","Model":"Talon FX","CANbus":"rio","CANbusFriendly":"","SelectedMotorType":{"Name":"WCP Kraken x60","FreeSpeedRps":96.7,"SlipCurrentLimit":120,"StatorCurrentLimit":60},"IsStandaloneFx":false},"IsEncoderInverted":false,"IsSteerInverted":true,"SelectedEncoderType":"CANcoder","EncoderOffset":0.338134765625,"DriveMotorSelectionState":1,"SteerMotorSelectionState":1,"SteerEncoderSelectionState":1,"IsModuleValidationComplete":true,"ValidatedSteerId":8,"ValidatedDriveId":2,"ValidatedEncoderId":14},{"ModuleName":"Back Right","ModuleId":3,"Encoder":{"Id":17,"Name":"CANCoder vers. H Front Right","Model":"CANCoder vers. H","CANbus":"rio","CANbusFriendly":"","SelectedMotorType":null,"IsStandaloneFx":false},"SteerMotor":{"Id":7,"Name":"Talon FX (Device ID 7)","Model":"Talon FX","CANbus":"rio","CANbusFriendly":"","SelectedMotorType":{"Name":"WCP Kraken x60","FreeSpeedRps":96.7,"SlipCurrentLimit":120,"StatorCurrentLimit":60},"IsStandaloneFx":false},"DriveMotor":{"Id":3,"Name":"Talon FX (Device ID 3)","Model":"Talon FX","CANbus":"rio","CANbusFriendly":"","SelectedMotorType":{"Name":"WCP Kraken x60","FreeSpeedRps":96.7,"SlipCurrentLimit":120,"StatorCurrentLimit":60},"IsStandaloneFx":false},"IsEncoderInverted":false,"IsSteerInverted":true,"SelectedEncoderType":"CANcoder","EncoderOffset":0.145751953125,"DriveMotorSelectionState":1,"SteerMotorSelectionState":1,"SteerEncoderSelectionState":1,"IsModuleValidationComplete":true,"ValidatedSteerId":7,"ValidatedDriveId":3,"ValidatedEncoderId":17}],"SwerveOptions":{"kSpeedAt12Volts":4.48627082866729,"Gyro":{"Id":0,"Name":"Pigeon 2 vers. S (Device ID 0)","Model":"Pigeon 2 vers. S","CANbus":"rio","CANbusFriendly":"","SelectedMotorType":null,"IsStandaloneFx":false},"IsValidGyroCANbus":true,"VerticalTrackSizeInches":25.65625,"HorizontalTrackSizeInches":19.5,"WheelRadiusInches":2.0051,"IsLeftSideInverted":false,"IsRightSideInverted":true,"SwerveModuleType":7,"SwerveModuleConfiguration":{"ModuleBrand":7,"DriveRatio":7.1328671328671325,"SteerRatio":11.314285714285715,"CouplingRatio":3.090909090909091,"CustomName":"X1 11T"},"HasVerifiedSteer":true,"SelectedModuleManufacturer":"WestCoast Products (WCP)","HasVerifiedDrive":true,"IsValidConfiguration":true}}